ano,semana,regiao,hidraulica,termica,eolica,solar,total
2020,1,sul,"4662,33",1870,"595,02",0,"7127,35"
2020,1,sudeste e centro-oeste,"28134,31","6882,66",0,"23,67","35040,64"
2020,1,norte,"6699,23","2855,87","74,27",0,"9629,38"
2020,1,nordeste,"2902,47","2241,63","1910,45","38,94","7093,5"
2020,2,sul,"5704,31","1532,71","499,14",0,"7736,17"
2020,2,sudeste e centro-oeste,"27591,48","5053,82",0,"31,95","32677,24"
2020,2,norte,"8687,49","2845,17","147,69",0,"11680,35"
2020,2,nordeste,"2752,7","2222,96","3934,13","59,97","8969,77"
2020,3,sul,"4083,58","1826,07","519,13",0,"6428,78"
2020,3,sudeste e centro-oeste,"25160,24","5334,8",0,"22,17","30517,21"
2020,3,norte,"8973,54","2838,68","132,08",0,"11944,29"
2020,3,nordeste,"2925,72","2410,15","3061,32","37,63","8434,82"
2020,4,sul,"4201,27","1978,18","215,57",0,"6395,02"
2020,4,sudeste e centro-oeste,"26997,08","5963,31",0,"24,93","32985,32"
2020,4,norte,"9685,8","2885,01","147,41",0,"12718,22"
2020,4,nordeste,"3164,09","2446,96","3229,08","48,33","8888,46"
2020,5,sul,"3846,21","1174,98","924,89",0,"5946,07"
2020,5,sudeste e centro-oeste,"29549,04","4323,43",0,"22,36","33894,82"
2020,5,norte,"11193,64","2593,74","91,04",0,"13878,42"
2020,5,nordeste,"3074,75","2118,44","2030,71","41,95","7265,86"
2020,6,sul,"3238,64","1003,02","817,4",0,"5059,06"
2020,6,sudeste e centro-oeste,"27310,45","3824,18",0,"24,49","31159,12"
2020,6,norte,"11719,8","2645,99","146,74",0,"14512,52"
2020,6,nordeste,"3097,83","1943,72","3559,44","55,96","8656,96"
2020,7,sul,"4037,14","1036,82","590,68",0,"5664,65"
2020,7,sudeste e centro-oeste,"29126,85","3978,19",0,"32,3","33137,33"
2020,7,norte,"14041,02","2148,12","64,34",0,"16253,47"
2020,7,nordeste,"2742,36","1379,03","3806,2","55,2","7982,79"
2020,8,sul,"2467,41","1140,03","549,26",0,"4156,7"
2020,8,sudeste e centro-oeste,"26243,71","4936,44",0,"23,27","31203,42"
2020,8,norte,"13251,05","1230,82","89,4",0,"14571,27"
2020,8,nordeste,"2650,02","1405,86","2750,07","55,69","6861,64"
2020,9,sul,"3069,5","935,05","502,47",0,"4507,02"
2020,9,sudeste e centro-oeste,"27969,14","3210,86",0,"25,4","31205,41"
2020,9,norte,"15926,87","1306,76","34,66",0,"17268,29"
2020,9,nordeste,"3202,83","1223,72","1128,6","45,47","5600,62"
2020,10,sul,"2945,84",1484,"637,99",0,"5067,82"
2020,10,sudeste e centro-oeste,"28711,01","3946,81",0,"31,75","32689,57"
2020,10,norte,"16395,6","829,19","24,92",0,"17249,71"
2020,10,nordeste,"3071,15","1480,41","1788,89","43,45","6383,91"
2020,11,sul,"1801,28","1805,47","641,82",0,"4248,57"
2020,11,sudeste e centro-oeste,"28620,5","4766,46",0,"29,97","33416,93"
2020,11,norte,"15783,32","837,11","79,09",0,"16699,52"
2020,11,nordeste,"2851,09","1786,43","2381,8","49,15","7068,48"
2020,12,sul,"1064,62","1671,66","773,89",0,"3510,17"
2020,12,sudeste e centro-oeste,"24223,12","5120,09",0,"23,69","29366,9"
2020,12,norte,14622,"805,04","47,41",0,"15474,44"
2020,12,nordeste,"3016,48","843,23","1913,47","41,88","5815,06"
2020,13,sul,"1383,73","958,49","888,48",0,"3230,7"
2020,13,sudeste e centro-oeste,"25068,01","4035,91",0,"30,62","29134,54"
2020,13,norte,"11674,4","1033,53","78,95",0,"12786,88"
2020,13,nordeste,"2772,28","1691,74","4501,24","59,81","9025,07"
2020,14,sul,"1136,11","742,15","703,99",0,"2582,24"
2020,14,sudeste e centro-oeste,"24319,89","4200,12",0,"22,24","28542,26"
2020,14,norte,"11568,54","1021,89","114,28",0,"12704,71"
2020,14,nordeste,"3670,1","1372,7","2808,97",61,"7912,76"
2020,15,sul,"1176,51","643,85","805,47",0,"2625,83"
2020,15,sudeste e centro-oeste,"24105,49","4287,51",0,"23,27","28416,26"
2020,15,norte,"11014,01","1042,15","58,5",0,"12114,66"
2020,15,nordeste,"3982,94","872,11","2312,98","50,27","7218,31"
2020,16,sul,"1071,88","748,33","572,12",0,"2392,34"
2020,16,sudeste e centro-oeste,"22145,03","4705,06",0,"23,72","26873,82"
2020,16,norte,"10978,82","1035,28","24,65",0,"12038,75"
2020,16,nordeste,"3973,61","599,82","3170,27","54,1","7797,8"
2020,17,sul,"1109,42","920,98","1013,09",0,"3043,49"
2020,17,sudeste e centro-oeste,"22351,37","4864,06",0,"28,5","27243,93"
2020,17,norte,"9594,59","1046,32","39,79",0,"10680,7"
2020,17,nordeste,"3829,66","804,19","4608,07","65,5","9307,42"
2020,18,sul,"931,41","815,4","617,44",0,"2364,26"
2020,18,sudeste e centro-oeste,"22200,31","4549,83",0,25,"26775,14"
2020,18,norte,"10575,86","1039,01","91,2",0,"11706,07"
2020,18,nordeste,"3712,25","948,66","4270,98","63,37","8995,26"
2020,19,sul,"706,25","1106,34","619,35",0,"2431,94"
2020,19,sudeste e centro-oeste,"22639,57","4095,66",0,"24,48","26759,71"
2020,19,norte,"10396,37","1100,49","65,59",0,"11562,45"
2020,19,nordeste,"3309,93","1120,22","4921,89","59,52","9411,55"
2020,20,sul,"462,12","1340,67","870,7",0,"2673,5"
2020,20,sudeste e centro-oeste,"20980,76","4687,84",0,"25,09","25693,68"
2020,20,norte,"10417,28","1085,03","120,98",0,"11623,29"
2020,20,nordeste,"3381,96","731,83","4634,39","57,01","8805,2"
2020,21,sul,"780,91","1145,19","977,69",0,"2903,79"
2020,21,sudeste e centro-oeste,"20324,33","4739,09",0,"25,04","25088,46"
2020,21,norte,"11544,81","1084,99","81,15",0,"12710,95"
2020,21,nordeste,"3398,28","1080,11","2737,02","55,57","7270,98"
2020,22,sul,"477,09","1229,63","781,62",0,"2488,34"
2020,22,sudeste e centro-oeste,"21223,41","4850,15",0,"25,17","26098,73"
2020,22,norte,"11125,02","1382,07","119,85",0,"12626,94"
2020,22,nordeste,"3416,61","689,73","4036,41","58,17","8200,92"
2020,23,sul,"2171,15","1309,81","450,5",0,"3931,47"
2020,23,sudeste e centro-oeste,"19792,36","5348,65",0,"25,56","25166,58"
2020,23,norte,"10700,94","1530,89","83,55",0,"12315,37"
2020,23,nordeste,"3422,62","519,15","5023,34","60,19","9025,3"
2020,24,sul,"4016,14","1359,85","941,6",0,"6317,59"
2020,24,sudeste e centro-oeste,"16973,36","5257,11",0,"24,05","22254,52"
2020,24,norte,"9450,73","1558,37","77,58",0,"11086,68"
2020,24,nordeste,"3441,77","583,1","6409,81","61,43","10496,1"
2020,25,sul,"2262,46","1215,25","780,35",0,"4258,06"
2020,25,sudeste e centro-oeste,"21220,08","4379,71",0,"26,79","25626,58"
2020,25,norte,"8373,18","1602,06","93,44",0,"10068,69"
2020,25,nordeste,"3778,59","635,16","6869,86","59,18","11342,79"
2020,26,sul,"2927,52","1079,07","740,57",0,"4747,17"
2020,26,sudeste e centro-oeste,"23415,72","3712,23",0,"23,61","27151,56"
2020,26,norte,"6515,43","1477,57","197,87",0,"8190,87"
2020,26,nordeste,"5013,24","515,67","5237,87","69,45","10836,23"
2020,27,sul,"6016,83","1131,89","871,87",0,"8020,59"
2020,27,sudeste e centro-oeste,"20917,66","3755,85",0,"26,54","24700,06"
2020,27,norte,"5450,52","1494,22","183,33",0,"7128,08"
2020,27,nordeste,"4861,15","573,52","5704,11","58,19","11196,96"
2020,28,sul,"8506,43","930,24","731,16",0,"10167,82"
2020,28,sudeste e centro-oeste,"20049,79","3860,13",0,"27,96","23937,88"
2020,28,norte,"4924,69","1317,7","182,49",0,"6424,88"
2020,28,nordeste,"4336,45","611,77","6525,93","63,6","11537,75"
2020,29,sul,"9023,24",962,"679,13",0,"10664,37"
2020,29,sudeste e centro-oeste,"19867,6","3952,73",0,"29,94","23850,27"
2020,29,norte,"4562,44","1276,77","137,75",0,"5976,96"
2020,29,nordeste,"3979,14","628,56","7750,57","57,25","12415,52"
2020,30,sul,"9022,29","1514,58","675,8",0,"11212,68"
2020,30,sudeste e centro-oeste,"20436,85","4193,82",0,"29,2","24659,87"
2020,30,norte,"3870,12","1516,83","116,35",0,"5503,29"
2020,30,nordeste,"4593,12","880,63","7794,5","63,61","13331,87"
2020,31,sul,"7278,19","1101,37","501,85",0,"8881,42"
2020,31,sudeste e centro-oeste,"20088,03","3834,43",0,"31,86","23954,32"
2020,31,norte,"3782,18","1680,28",100,0,"5562,46"
2020,31,nordeste,"3720,41","1172,31","8825,62","56,47","13774,81"
2020,32,sul,"7212,63","1297,31","466,56",0,"8976,5"
2020,32,sudeste e centro-oeste,"20914,2","4029,88",0,"27,56","24971,65"
2020,32,norte,"4561,19","1688,37","248,57",0,"6498,14"
2020,32,nordeste,"4242,81","885,5","8362,08","67,69","13558,08"
2020,33,sul,"10517,16","1130,87","700,7",0,"12348,72"
2020,33,sudeste e centro-oeste,"19440,4","4541,09",0,"26,42","24007,91"
2020,33,norte,"4616,57","1573,46","135,74",0,"6325,77"
2020,33,nordeste,"4160,15","872,53",7240,"64,97","12337,65"
2020,34,sul,"9941,05","882,12","949,05",0,"11772,21"
2020,34,sudeste e centro-oeste,"17067,44","4588,97",0,"32,34","21688,74"
2020,34,norte,"3754,94","1363,74","236,69",0,"5355,37"
2020,34,nordeste,"4066,8","679,12","7458,96","61,63","12266,51"
2020,35,sul,"9214,21","1075,67","885,26",0,"11175,13"
2020,35,sudeste e centro-oeste,"20594,41","4504,91",0,"35,84","25135,16"
2020,35,norte,"4114,37","1436,71","307,11",0,"5858,2"
2020,35,nordeste,"4050,84","877,06","8399,57","61,16","13388,62"
2020,36,sul,"9081,64","864,98","985,15",0,"10931,78"
2020,36,sudeste e centro-oeste,"21082,14","4836,57",0,"36,65","25955,37"
2020,36,norte,"4491,73","1415,32","364,2",0,"6271,24"
2020,36,nordeste,"4610,34","531,27","8106,68","66,36","13314,65"
2020,37,sul,"10396,16","877,75","586,01",0,"11859,91"
2020,37,sudeste e centro-oeste,"21115,03","4963,21",0,"34,19","26112,44"
2020,37,norte,"4245,53","1563,45","326,59",0,"6135,56"
2020,37,nordeste,"4853,26","970,76","8250,2","62,92","14137,14"
2020,38,sul,"8682,03","1134,97","493,2",0,"10310,2"
2020,38,sudeste e centro-oeste,"21083,49","4875,47",0,"27,75","25986,71"
2020,38,norte,"4175,34","1594,5","307,3",0,"6077,13"
2020,38,nordeste,"5483,14","696,38","7574,18","59,56","13813,26"
2020,39,sul,"8986,66","902,52","989,58",0,"10878,77"
2020,39,sudeste e centro-oeste,"23159,45","6007,3",0,"37,45","29204,2"
2020,39,norte,"4435,05","1692,1","294,61",0,"6421,77"
2020,39,nordeste,"5500,91","1023,89","7687,47","58,36","14270,63"
2020,40,sul,"7829,76","1599,25","805,47",0,"10234,48"
2020,40,sudeste e centro-oeste,"22663,82","7164,18",0,"34,41","29862,41"
2020,40,norte,"5013,93","2354,36","331,36",0,"7699,65"
2020,40,nordeste,"5677,49","1451,08","6513,38","60,24","13702,19"
2020,41,sul,"6650,41","1594,71","538,26",0,"8783,38"
2020,41,sudeste e centro-oeste,"20808,27","7070,67",0,"28,49","27907,43"
2020,41,norte,"5026,12","2461,4","272,1",0,"7759,62"
2020,41,nordeste,"5617,23","1634,38","5879,35","58,28","13189,24"
2020,42,sul,"4771,91","1715,82","1075,17",0,"7562,9"
2020,42,sudeste e centro-oeste,"20577,54","8186,09",0,"22,68","28786,3"
2020,42,norte,"3862,51","2741,86","342,14",0,"6946,5"
2020,42,nordeste,"5093,47","2075,58","7761,77","53,66","14984,48"
2020,43,sul,"3831,37","1824,39","859,74",0,"6515,49"
2020,43,sudeste e centro-oeste,"22061,1","8944,67",0,"24,87","31030,63"
2020,43,norte,"3617,29","3134,86","319,07",0,"7071,23"
2020,43,nordeste,"5664,05","3047,09","5024,45","41,31","13776,89"
2020,44,sul,"1995,03","1951,57","582,75",0,"4529,35"
2020,44,sudeste e centro-oeste,"20550,09","8726,16",0,"31,99","29308,24"
2020,44,norte,"3152,11","3089,38","200,48",0,"6441,97"
2020,44,nordeste,"5898,29","2523,47","4236,04","35,45","12693,25"
2020,45,sul,"3058,13","2026,89","760,69",0,"5845,7"
2020,45,sudeste e centro-oeste,"22356,95","8598,25",0,"29,17","30984,37"
2020,45,norte,"3393,77","2684,78","338,19",0,"6416,74"
2020,45,nordeste,"5350,59","2069,25","7163,57","50,14","14633,55"
2020,46,sul,"3031,95","2011,2","466,92",0,"5510,08"
2020,46,sudeste e centro-oeste,"21306,4","8753,93",0,"22,93","30083,26"
2020,46,norte,"3532,2","3020,3","310,73",0,"6863,23"
2020,46,nordeste,"6554,29","3235,55","4924,09","39,96","14753,89"
2020,47,sul,"3542,64","2011,21","853,73",0,"6407,58"
2020,47,sudeste e centro-oeste,"22135,03","8850,7",0,"34,03","31019,75"
2020,47,norte,"3573,01","2753,75","303,24",0,6630
2020,47,nordeste,"6177,87","1819,65","7086,24","43,04","15126,8"
2020,48,sul,"4712,63","2067,03","928,97",0,"7708,63"
2020,48,sudeste e centro-oeste,"23178,6","8759,41",0,"37,28","31975,29"
2020,48,norte,"3679,84","3062,55","333,19",0,"7075,58"
2020,48,nordeste,"5762,1","2437,78","7039,21","47,61","15286,7"
2020,49,sul,"5092,44","1914,2","628,64",0,"7635,29"
2020,49,sudeste e centro-oeste,"21690,56","8553,59",0,"23,86","30268,01"
2020,49,norte,"3347,48","2848,47","325,32",0,"6521,28"
2020,49,nordeste,"6645,93","2480,76","5883,7","42,84","15053,23"
2020,50,sul,"5216,61","1673,66","649,71",0,"7539,99"
2020,50,sudeste e centro-oeste,"24002,36","8261,2",0,"31,97","32295,53"
2020,50,norte,3696,"2598,18","302,61",0,"6596,78"
2020,50,nordeste,"6880,19","2274,27","6342,92","49,77","15547,16"
2020,51,sul,"4295,87","1902,18","951,3",0,"7149,35"
2020,51,sudeste e centro-oeste,"21107,92","7424,04",0,"29,27","28561,23"
2020,51,norte,"3947,13","2823,58","300,56",0,"7071,26"
2020,51,nordeste,"7132,84","2402,55","5583,47","47,54","15166,4"
2020,52,sul,"3612,01","1615,04","786,33",0,"6013,38"
2020,52,sudeste e centro-oeste,"20837,83","7193,72",0,"33,57","28065,12"
2020,52,norte,"4542,04","2695,07","318,62",0,"7555,73"
2020,52,nordeste,"5441,4",1851,"7433,39","53,67","14779,46"
2021,1,sul,"4932,18","1601,61","655,38",0,"7189,18"
2021,1,sudeste e centro-oeste,"23204,3","7499,82",0,"29,78","30733,89"
2021,1,norte,"6273,98","3052,67","318,39",0,"9645,04"
2021,1,nordeste,"3492,38","3667,2","6281,27","57,09","13497,94"
2021,2,sul,"6495,98","1479,91","959,62",0,"8935,51"
2021,2,sudeste e centro-oeste,"25066,76","7940,27",0,"26,94","33033,97"
2021,2,norte,"7137,22","3059,63","278,39",0,"10475,23"
2021,2,nordeste,"3000,85","3801,48","4104,8","48,8","10955,93"
2021,3,sul,"6843,07","1780,93","644,62",0,"9268,62"
2021,3,sudeste e centro-oeste,"22825,92","7256,44",0,"30,42","30112,79"
2021,3,norte,"5022,99","3042,07","189,93",0,"8254,99"
2021,3,nordeste,"2971,51","3815,34","7072,54","55,54","13914,94"
2021,4,sul,"8885,39","1959,91","433,42",0,"11278,71"
2021,4,sudeste e centro-oeste,"22870,15","6305,47",0,"34,71","29210,32"
2021,4,norte,"6050,78","2424,87","178,22",0,"8653,87"
2021,4,nordeste,"3125,32","2314,02","7170,75","55,69","12665,78"
2021,5,sul,"9885,99","2073,37","764,57",0,"12723,93"
2021,5,sudeste e centro-oeste,"22483,23","5338,84",0,"32,64","27854,71"
2021,5,norte,"6015,25","2446,78",282,0,"8744,03"
2021,5,nordeste,"3240,08","2483,12","6151,54","55,08","11929,82"
2021,6,sul,"7907,08","2169,89","705,86",0,"10782,83"
2021,6,sudeste e centro-oeste,"22163,84","5742,48",0,"22,2","27928,51"
2021,6,norte,"6477,77","2085,22","178,74",0,"8741,73"
2021,6,nordeste,"2621,09","2555,71","4503,33","48,94","9729,07"
2021,7,sul,"6691,82","1928,59","306,44",0,"8926,85"
2021,7,sudeste e centro-oeste,"22577,68","5691,3",0,"23,31","28292,29"
2021,7,norte,"11266,05","1874,98","134,73",0,"13275,76"
2021,7,nordeste,"2769,95","2198,02","3277,69","45,59","8291,25"
2021,8,sul,"5403,27","1815,57","396,56",0,"7615,39"
2021,8,sudeste e centro-oeste,"23681,21","6056,12",0,"26,25","29763,59"
2021,8,norte,"15535,44","1640,34","176,1",0,"17351,88"
2021,8,nordeste,"2854,54","1490,77","4020,9","45,84","8412,05"
2021,9,sul,"5608,94","1684,86","937,88","0,07","8231,75"
2021,9,sudeste e centro-oeste,"22587,06","6260,07","2,41","24,08","28873,62"
2021,9,norte,"15522,13","1105,6","142,09","0,02","16769,85"
2021,9,nordeste,2826,"603,48","5826,72","60,3","9316,51"
2021,10,sul,"5557,85","1788,42","249,08","0,21","7595,56"
2021,10,sudeste e centro-oeste,"23102,59","7128,31","4,12","26,56","30261,57"
2021,10,norte,"16988,61","1079,55","142,33","0,06","18210,56"
2021,10,nordeste,"2864,68","545,69","4064,86","66,58","7541,81"
2021,11,sul,"5526,59","1514,26","544,93","0,19","7585,98"
2021,11,sudeste e centro-oeste,"23510,34","7562,06","5,77",33,"31111,18"
2021,11,norte,"16613,91","1156,68","109,72","0,1","17880,39"
2021,11,nordeste,"2779,08","617,85","4972,19","67,18","8436,3"
2021,12,sul,"6095,94","1586,09","607,55","0,2","8289,78"
2021,12,sudeste e centro-oeste,"23387,45","7671,57","4,98","32,52","31096,52"
2021,12,norte,"16554,56","1151,61","59,89","0,1","17766,15"
2021,12,nordeste,"2742,61","422,01","5523,32","68,4","8756,35"
2021,13,sul,"6179,74","1964,29","475,05","0,2","8619,28"
2021,13,sudeste e centro-oeste,"21629,95","7866,87",3,"30,2","29530,02"
2021,13,norte,"16965,76","1153,1","96,18","0,1","18215,14"
2021,13,nordeste,"3163,85","559,37","3065,99","62,64","6851,85"
2021,14,sul,"3767,61","1609,03","861,47","0,14","6238,25"
2021,14,sudeste e centro-oeste,"20725,42","7754,53",2,"29,39","28511,34"
2021,14,norte,"15153,09","1107,06","202,36","0,1","16462,61"
2021,14,nordeste,"3364,22","647,52","7526,96","75,91","11614,6"
2021,15,sul,"3555,46","2096,88","533,13","0,14","6185,6"
2021,15,sudeste e centro-oeste,"21450,45","8146,82","2,51","35,79","29635,58"
2021,15,norte,"16110,31","1071,84","148,38","0,1","17330,64"
2021,15,nordeste,"3486,32","657,2","6230,54","75,94","10450,01"
2021,16,sul,"3004,91","1660,46","811,55","0,14","5477,07"
2021,16,sudeste e centro-oeste,"21692,51","7827,33","2,4","33,82","29556,06"
2021,16,norte,"16749,33","1545,97","82,34","0,1","18377,75"
2021,16,nordeste,"3555,85","928,6","2805,86","63,01","7353,33"
2021,17,sul,"2697,47","1648,95","535,12","0,14","4881,69"
2021,17,sudeste e centro-oeste,"21472,52","7892,38","3,26","30,34","29398,51"
2021,17,norte,"15483,93","1557,14","100,46","0,09","17141,62"
2021,17,nordeste,"3404,17","812,87","5834,08","80,36","10131,48"
2021,18,sul,"2111,03","1791,43","649,6","0,11","4552,17"
2021,18,sudeste e centro-oeste,"22337,76","7487,95","3,72","32,13","29861,55"
2021,18,norte,"15037,32","1797,68","30,32","0,07","16865,39"
2021,18,nordeste,"3440,65","762,27","5138,49","67,45","9408,87"
2021,19,sul,"1998,48","1718,95","455,07","0,1","4172,6"
2021,19,sudeste e centro-oeste,"21340,31","8109,86","2,18","31,7","29484,05"
2021,19,norte,"14170,36","1694,13","44,06","0,09","15908,65"
2021,19,nordeste,"3401,89","721,87","6724,13","77,52","10925,4"
2021,20,sul,"2216,39","1755,77","360,95","0,1","4333,21"
2021,20,sudeste e centro-oeste,"20955,09","8578,1","2,42","29,62","29565,22"
2021,20,norte,"14052,72","2409,42","90,8","0,09","16553,02"
2021,20,nordeste,"3398,12","1251,59","6103,23","74,83","10827,76"
2021,21,sul,"2004,13","1428,75","984,67","0,1","4417,65"
2021,21,sudeste e centro-oeste,"19717,83","8213,33","2,97","26,33","27960,46"
2021,21,norte,"11842,13","2513,5","117,4","0,1","14473,13"
2021,21,nordeste,"3167,03","1810,92","7114,61","85,02","12177,58"
2021,22,sul,"2556,58","1819,84","685,46","0,12",5062
2021,22,sudeste e centro-oeste,"20721,15","9685,61","2,95","26,54","30436,25"
2021,22,norte,"9128,92","2783,7","126,59","0,1","12039,32"
2021,22,nordeste,"3346,43","2788,36","7207,03","85,8","13427,62"
2021,23,sul,"3468,43","1922,41","826,55","0,14","6217,53"
2021,23,sudeste e centro-oeste,"21062,49",9284,"3,32","25,62","30375,44"
2021,23,norte,"7517,04","2847,95","53,24","0,11","10418,33"
2021,23,nordeste,"3390,15","3272,19","7299,52","79,54","14041,4"
2021,24,sul,"3438,53","2110,01","552,52","0,14","6101,2"
2021,24,sudeste e centro-oeste,"21461,47","9281,91","3,38","29,24",30776
2021,24,norte,"6752,44","2899,69","143,8","0,11","9796,04"
2021,24,nordeste,"3322,2","3432,64","6614,12","85,05","13454,01"
2021,25,sul,"6242,03","2008,22","763,56","0,14","9013,95"
2021,25,sudeste e centro-oeste,"19520,98","9674,89","3,38","32,89","29232,14"
2021,25,norte,"5520,77","2452,09","170,57","0,11","8143,54"
2021,25,nordeste,"2534,64","3363,44","7690,61","87,67","13676,36"
2021,26,sul,"7339,48","2019,64","999,43","0,14","10358,69"
2021,26,sudeste e centro-oeste,"17366,04","9646,11","3,23","34,79","27050,17"
2021,26,norte,"5047,81","2737,64","81,31","0,1","7866,86"
2021,26,nordeste,"2490,57","3592,72","7785,06","83,43","13951,77"
2021,27,sul,"7542,74","2013,34",570,"0,12","10126,2"
2021,27,sudeste e centro-oeste,"16162,44","10252,89","4,52","35,12","26454,97"
2021,27,norte,"4757,34","2903,06","82,72","0,1","7743,22"
2021,27,nordeste,"2462,09","3983,2","8526,11","82,78","15054,17"
2021,28,sul,"8877,45","1949,94","505,86","0,14","11333,39"
2021,28,sudeste e centro-oeste,"15281,55","9900,05","7,65","35,66","25224,9"
2021,28,norte,"4502,17","2783,91","89,89","0,1","7376,07"
2021,28,nordeste,"2770,18","3944,91","9336,39","75,81","16127,28"
2021,29,sul,"8537,81","1939,49","846,05","0,19","11323,54"
2021,29,sudeste e centro-oeste,"14966,58","10803,13","2,86","32,88","25805,46"
2021,29,norte,"3880,58","3144,84","104,15","0,1","7129,67"
2021,29,nordeste,"2795,04","3864,2","9301,93","81,27","16042,45"
2021,30,sul,"8746,17","1653,56","970,73","0,17","11370,63"
2021,30,sudeste e centro-oeste,"15406,31","10677,38","2,5","33,79","26119,98"
2021,30,norte,"3648,01","2812,73","100,56","0,1","6561,41"
2021,30,nordeste,"3153,56","4401,51","8540,38","86,66","16182,11"
2021,31,sul,"7102,8","1895,87","558,35","0,14","9557,16"
2021,31,sudeste e centro-oeste,"14628,56","10972,17","4,42","33,03","25638,19"
2021,31,norte,"3725,27","2998,28","57,5","0,11","6781,16"
2021,31,nordeste,"3076,5","4624,98","9991,3","83,23","17776,01"
2021,32,sul,"8480,65","1691,26","618,51","0,19","10790,61"
2021,32,sudeste e centro-oeste,"13953,85","11166,32","9,67","36,57","25166,4"
2021,32,norte,"3628,73","3107,8","150,39","0,11","6887,03"
2021,32,nordeste,"2802,33","4515,71","10014,97","80,53","17413,54"
2021,33,sul,"7212,79",1906,"575,33","0,18","9694,3"
2021,33,sudeste e centro-oeste,"14706,46","11293,71","8,93","38,42","26047,53"
2021,33,norte,"3724,71","3216,3","126,1","0,1","7067,21"
2021,33,nordeste,"2951,45","4936,93","10183,62","78,89","18150,9"
2021,34,sul,"7666,64","2098,87","823,16","0,15","10588,83"
2021,34,sudeste e centro-oeste,"15753,81","11505,07","4,02","39,05","27301,95"
2021,34,norte,"3800,11","3034,48","343,96","0,07","7178,62"
2021,34,nordeste,"2747,16","4919,81","10493,78","74,08","18234,82"
2021,35,sul,"4747,04","1975,87","915,84","0,18","7638,92"
2021,35,sudeste e centro-oeste,"15302,4","10891,9",1,"40,7",26236
2021,35,norte,"3443,76","3106,96","359,19","0,12","6910,03"
2021,35,nordeste,"3028,85","4978,61","10599,29","93,34","18700,09"
2021,36,sul,"4373,97","1799,52","1005,77","0,15","7179,41"
2021,36,sudeste e centro-oeste,"15771,48","9845,93","0,14","40,6","25658,15"
2021,36,norte,"3492,66","3085,49","349,17","0,06","6927,37"
2021,36,nordeste,"4023,46","5019,61","9595,48","110,45",18749
2021,37,sul,"7226,46","1880,93","738,08","0,15","9845,62"
2021,37,sudeste e centro-oeste,"14384,46","11121,23",0,"42,51","25548,2"
2021,37,norte,"3737,91","3028,17","330,03","0,09","7096,2"
2021,37,nordeste,"3892,32","4628,17","10593,52","119,09","19233,12"
2021,38,sul,"9773,35","1876,61","912,46","0,18","12562,6"
2021,38,sudeste e centro-oeste,"12698,42","11466,4",0,"44,7","24209,53"
2021,38,norte,"3518,91","2849,75","349,5","0,1","6718,26"
2021,38,nordeste,"4642,42","4908,41","9186,31","125,19","18862,33"
2021,39,sul,"9746,25","1787,08","734,93","0,14","12268,4"
2021,39,sudeste e centro-oeste,"13037,53","11804,32","6,29","46,02","24894,15"
2021,39,norte,"3471,32","2990,22","319,49","0,09","6781,11"
2021,39,nordeste,"4588,24","4927,19","10151,4","126,59","19793,43"
2021,40,sul,"9410,2","1707,48","624,65","0,17","11742,51"
2021,40,sudeste e centro-oeste,"11977,66","11807,49","8,14","42,64","23835,93"
2021,40,norte,"4039,89","2811,19","285,9","0,06","7137,04"
2021,40,nordeste,"4409,02","4929,74","9997,35","130,68","19466,79"
2021,41,sul,"7339,51","2073,23","1075,28","0,14","10488,16"
2021,41,sudeste e centro-oeste,"11563,23","11567,83","8,6","36,68","23176,35"
2021,41,norte,"4256,22","3179,47","248,5","0,06","7684,25"
2021,41,nordeste,"3133,94","4456,93","8947,15","95,34","16633,36"
2021,42,sul,"8205,64","1934,25","451,3","0,14","10591,33"
2021,42,sudeste e centro-oeste,"12620,46","11352,02","8,6","40,96","24022,04"
2021,42,norte,"4465,92","3163,59","142,21","0,06","7771,78"
2021,42,nordeste,"2701,03","4370,16","7314,61","93,99","14479,78"
2021,43,sul,"7140,27","1724,77","803,37","0,14","9668,55"
2021,43,sudeste e centro-oeste,"13668,01","11153,27","8,54","55,49","24885,32"
2021,43,norte,"4506,56","3127,18","229,78","0,06","7863,58"
2021,43,nordeste,"2479,27","4953,56","9469,64","113,92","17016,38"
2021,44,sul,"7018,51","1597,81","1023,9","0,14","9640,36"
2021,44,sudeste e centro-oeste,"14699,05","10339,29","6,68","44,81","25089,83"
2021,44,norte,"4821,37","3173,13","243,64","0,06","8238,19"
2021,44,nordeste,"3709,63","4793,55","6464,33","88,46","15055,98"
2021,45,sul,"4598,04","1760,75","714,8","0,19","7073,78"
2021,45,sudeste e centro-oeste,16483,"11703,23","6,76","41,65","28234,64"
2021,45,norte,"6424,2","3168,01","209,46","0,05","9801,72"
2021,45,nordeste,"3817,02","5012,8","6694,49","106,86","15631,17"
2021,46,sul,"5056,15","1376,53","850,88","1,01","7284,58"
2021,46,sudeste e centro-oeste,"18744,49","9650,56","6,42","40,31","28441,78"
2021,46,norte,"7944,86","2424,46","277,73","0,05","10647,1"
2021,46,nordeste,"2911,49","3046,84","9696,24","114,79","15769,37"
2021,47,sul,"5060,51","1154,89","838,75","0,18","7054,33"
2021,47,sudeste e centro-oeste,"20730,16","9283,04","2,59","48,13","30063,91"
2021,47,norte,"9080,22","3003,46","292,6","0,05","12376,33"
2021,47,nordeste,"2998,3","3986,96","7757,05","125,18","14867,49"
2021,48,sul,"7248,76","1261,25","841,08","0,18","9351,27"
2021,48,sudeste e centro-oeste,"20360,63","9558,2","7,43","41,95","29968,21"
2021,48,norte,"9512,67","2995,73","250,64","0,06","12759,1"
2021,48,nordeste,"3413,82","4249,72","5576,59","106,14","13346,27"
2021,49,sul,"4936,94","1938,23","862,2","0,19","7737,56"
2021,49,sudeste e centro-oeste,"21149,15","8951,54","6,83","51,33","30158,86"
2021,49,norte,"9323,92","2610,2","303,12","0,05","12237,29"
2021,49,nordeste,"3439,55","3090,15","7830,45","98,98","14459,13"
2021,50,sul,"4834,09","2051,72","719,34","0,19","7605,34"
2021,50,sudeste e centro-oeste,"22366,33","8341,59","4,93","34,01","30746,86"
2021,50,norte,"11553,75","1679,28","361,59","0,06","13594,69"
2021,50,nordeste,"3140,03","2724,8","8944,83","122,13","14931,78"
2021,51,sul,"3760,2","2250,85","727,54","0,19","6738,79"
2021,51,sudeste e centro-oeste,"23283,59","7596,49","7,31","43,05","30930,45"
2021,51,norte,"13975,38",890,"346,34","0,06","15211,79"
2021,51,nordeste,"3069,34","2014,55","6302,57","86,54","11473,01"
2021,52,sul,"2412,71","1576,68","779,87","0,18","4769,44"
2021,52,sudeste e centro-oeste,"23237,65","6532,2","9,81","41,73","29821,39"
2021,52,norte,"13912,37","769,04","194,64","0,1","14876,15"
2021,52,nordeste,"3027,54","1611,42","6290,52","82,84","11012,31"
2022,1,sul,"3010,91","1310,8","763,9","0,19","5085,8"
2022,1,sudeste e centro-oeste,"23964,2","7278,35","9,77","35,78","31288,09"
2022,1,norte,"15418,12","840,51","121,03","0,09","16379,74"
2022,1,nordeste,"3329,62","1760,69","5647,67","102,33","10840,31"
2022,2,sul,"3680,7","1627,16","872,04","0,2","6180,09"
2022,2,sudeste e centro-oeste,"24247,82","6801,32","9,33","42,14","31100,62"
2022,2,norte,"16400,4","849,69","111,41","0,04","17361,54"
2022,2,nordeste,"3542,01","2106,42","4634,92","113,61","10396,96"
2022,3,sul,"5804,04","1883,94","691,49","0,19","8379,66"
2022,3,sudeste e centro-oeste,"24422,06","7767,21","8,87","49,41","32247,55"
2022,3,norte,"14684,75","712,13","160,11","0,04","15557,03"
2022,3,nordeste,"5245,99","1680,53","6508,2","117,59","13552,31"
2022,4,sul,"6010,07","1787,61","516,32","0,21","8314,21"
2022,4,sudeste e centro-oeste,"25180,92","8669,94","3,72","49,58","33904,16"
2022,4,norte,"15371,89","702,11","199,77","0,1","16273,86"
2022,4,nordeste,"6225,57","1580,68","5396,4","106,74","13309,4"
2022,5,sul,"4172,17","1303,78","651,94","0,25","6128,15"
2022,5,sudeste e centro-oeste,24914,"7771,9","10,13","36,33","32732,36"
2022,5,norte,"14937,92","858,85","185,72","0,11","15982,6"
2022,5,nordeste,"6345,8","518,63","5877,88","133,14","12875,46"
2022,6,sul,"3756,85","916,14","784,02","0,19","5457,19"
2022,6,sudeste e centro-oeste,"25817,48","6521,29","8,68","40,3","32387,75"
2022,6,norte,"15957,62","891,1","173,13","0,1","17021,95"
2022,6,nordeste,"6599,12","458,33","5124,86","124,46","12306,77"
2022,7,sul,"4416,54","749,12","605,26","0,21","5771,14"
2022,7,sudeste e centro-oeste,"27970,44","5764,24","6,87","43,2","33784,75"
2022,7,norte,"16363,27","783,3","199,38","0,1","17346,05"
2022,7,nordeste,"6964,27","531,34","4423,13","116,87","12035,61"
2022,8,sul,"4567,28","1297,37","641,87","0,23","6506,75"
2022,8,sudeste e centro-oeste,"27615,54","6676,09","6,83","48,91","34347,36"
2022,8,norte,"14650,73","886,71","221,22","0,1","15758,77"
2022,8,nordeste,"5930,73","510,91","6720,46","130,75","13292,84"
2022,9,sul,"3347,76","1573,58","530,99","0,22","5452,55"
2022,9,sudeste e centro-oeste,"29089,14","5464,48","6,88","57,95","34618,44"
2022,9,norte,"14073,7","857,82","187,09","0,11","15118,72"
2022,9,nordeste,"4931,9","579,8","8498,29","122,24","14132,23"
2022,10,sul,"3201,37","1430,33","551,97","0,19","5183,86"
2022,10,sudeste e centro-oeste,"30358,39","5783,72","6,54","54,34","36202,98"
2022,10,norte,"14542,53","848,51","70,25","0,1","15461,39"
2022,10,nordeste,"5305,77","526,37","7760,7","118,5","13711,33"
2022,11,sul,"2543,31","1102,16","393,56","0,14","4039,17"
2022,11,sudeste e centro-oeste,"29131,96","5583,82","6,06","42,78","34764,63"
2022,11,norte,"15871,61","844,29","70,79","0,1","16786,79"
2022,11,nordeste,"6553,14","611,04","5037,88","116,35","12318,42"
2022,12,sul,"2863,49","791,56","1021,02","0,14","4676,22"
2022,12,sudeste e centro-oeste,"26484,02","4903,36","10,08","47,99","31445,45"
2022,12,norte,"14652,46","904,34","74,79","0,1","15631,69"
2022,12,nordeste,"5653,54","565,77","6315,73","129,15","12664,19"
2022,13,sul,"5356,34","524,8","768,83","0,15","6650,12"
2022,13,sudeste e centro-oeste,"25277,46","4472,6","8,69","48,16","29806,9"
2022,13,norte,"14658,71","822,88","77,36","0,1","15559,05"
2022,13,nordeste,"5577,07","665,73","6445,14","123,76","12811,7"
2022,14,sul,"6475,04","500,16","578,94","0,15","7554,28"
2022,14,sudeste e centro-oeste,"23679,38","4256,37","5,12","50,61","27991,48"
2022,14,norte,"14274,31","890,96","130,9","0,1","15296,28"
2022,14,nordeste,"5628,33","581,97","6764,41","117,68","13092,37"
2022,15,sul,"7559,43","537,7","667,88","0,15","8765,17"
2022,15,sudeste e centro-oeste,"23523,99","4177,42","4,94","50,01","27756,36"
2022,15,norte,"16607,85","883,99","90,53","0,1","17582,47"
2022,15,nordeste,"4765,19","555,86","3850,12","122,97","9294,14"
2022,16,sul,"5036,05","531,09","426,69","0,14","5993,98"
2022,16,sudeste e centro-oeste,"22209,46","4346,39","4,41","55,92","26616,18"
2022,16,norte,"15727,24","886,53","71,75","0,1","16685,62"
2022,16,nordeste,"4166,68","609,51","6045,91","113,3","10935,4"
2022,17,sul,"6095,42","440,12","717,93","0,13","7253,6"
2022,17,sudeste e centro-oeste,"22973,44","4611,02","3,08","44,15","27631,7"
2022,17,norte,"14691,68","897,04","113,14","0,1","15701,96"
2022,17,nordeste,"4485,06","610,43","8576,94","135,67","13808,09"
2022,18,sul,"7225,87","552,54","461,51","0,14","8240,06"
2022,18,sudeste e centro-oeste,"20476,92","5054,02","3,99","42,98","25577,92"
2022,18,norte,"15097,37","863,1","104,8","0,1","16065,37"
2022,18,nordeste,"3792,77","497,73","8509,96","117,16","12917,62"
2022,19,sul,"7957,37","933,72","415,68","0,17","9306,93"
2022,19,sudeste e centro-oeste,"18469,09","5720,16","5,31","43,28","24237,84"
2022,19,norte,"14814,69","936,28","80,07","0,11","15831,15"
2022,19,nordeste,"3427,03","524,53","7442,05","122,95","11516,56"
2022,20,sul,"9775,19","924,85","1011,6","0,15","11711,78"
2022,20,sudeste e centro-oeste,"18818,89","5978,46","5,1","42,82","24845,26"
2022,20,norte,"13731,66","895,41","103,16","0,13","14730,37"
2022,20,nordeste,"3621,64","646,34","5419,88","117,37","9805,22"
2022,21,sul,"8866,72","1091,52","392,36","0,14","10350,74"
2022,21,sudeste e centro-oeste,"18803,42","6583,56","4,25","38,14","25429,38"
2022,21,norte,"11109,32","915,41","21,61","0,14","12046,47"
2022,21,nordeste,"3817,08","594,71","8648,08","120,3","13180,17"
2022,22,sul,"12186,87","1021,72","509,82","0,14","13718,55"
2022,22,sudeste e centro-oeste,"19187,56","5826,96","4,68","39,22","25058,42"
2022,22,norte,"9330,79","1360,76","59,73","0,15","10751,44"
2022,22,nordeste,"4420,51","614,66","6474,62","120,38","11630,17"
2022,23,sul,"12806,79","1203,03","532,28","0,14","14542,25"
2022,23,sudeste e centro-oeste,"18325,18","6178,31","2,79","39,78","24546,05"
2022,23,norte,"8569,85","2044,93","68,45","0,16","10683,39"
2022,23,nordeste,"3438,15","582,55","7077,46","123,61","11221,77"
2022,24,sul,"12614,7","1251,99","800,49","0,14","14667,32"
2022,24,sudeste e centro-oeste,"17073,21","5078,51","2,95","36,14","22190,8"
2022,24,norte,"8153,26","2154,25","127,84","0,16","10435,52"
2022,24,nordeste,"3436,58","619,44","6848,27","125,53","11029,83"
2022,25,sul,"13254,29","1196,02","656,97","0,15","15107,43"
2022,25,sudeste e centro-oeste,"17994,39","4701,7","3,1","36,79","22735,98"
2022,25,norte,"7263,22","2070,79","105,65","0,17","9439,81"
2022,25,nordeste,"3498,43","610,8","8736,19","122,69","12968,11"
2022,26,sul,"13554,64","1065,68","649,97","0,17","15270,46"
2022,26,sudeste e centro-oeste,"17553,98","4919,3","4,19","41,05","22518,51"
2022,26,norte,"6589,95","1987,6","84,38","0,14","8662,08"
2022,26,nordeste,"3878,55","494,01","7956,02","134,07","12462,65"
2022,27,sul,"13178,69","1098,44","689,01","0,14","14966,29"
2022,27,sudeste e centro-oeste,"16726,62","4998,3","4,6","45,93","21775,45"
2022,27,norte,"5883,22","1635,42","99,26","0,16","7618,07"
2022,27,nordeste,"3934,67","627,53","10807,18","116,5","15485,89"
2022,28,sul,"12694,67","1191,83","1104,59","0,14","14991,23"
2022,28,sudeste e centro-oeste,"17062,97","5245,54","5,78","41,97","22356,26"
2022,28,norte,"5637,61","1649,92","121,48","0,17","7409,19"
2022,28,nordeste,"5113,71","628,06","10709,73","130,98","16582,49"
2022,29,sul,"12491,96","1166,09","650,83","0,14","14309,02"
2022,29,sudeste e centro-oeste,"17790,38","5290,85","9,8","48,06","23139,09"
2022,29,norte,"5376,73","1404,36","79,12","0,19","6860,39"
2022,29,nordeste,"5727,55","639,2","10391,16","139,92","16897,83"
2022,30,sul,"11507,84","1085,13","642,4","0,14","13235,5"
2022,30,sudeste e centro-oeste,"18491,59","5707,1","10,92","53,44","24263,06"
2022,30,norte,"4368,39","1499,68","101,61","0,18","5969,86"
2022,30,nordeste,"6037,17","640,28","10422,8","150,57","17250,81"
2022,31,sul,"11189,92","1090,73","548,08","0,14","12828,88"
2022,31,sudeste e centro-oeste,"19536,65","6687,13","10,67","49,52","26283,95"
2022,31,norte,"3944,48","1609,56","247,4","0,18","5801,62"
2022,31,nordeste,"6929,83","645,28","9113,83","136,25","16825,18"
2022,32,sul,"10589,07","1183,13","745,29","0,15","12517,64"
2022,32,sudeste e centro-oeste,"18807,56","6310,28","7,38","52,02","25177,24"
2022,32,norte,"3549,32","1815,68","291,05","0,19","5656,24"
2022,32,nordeste,"6746,75","626,26","9969,29","152,34","17494,65"
2022,33,sul,"10394,77","1211,19","814,07","0,14","12420,17"
2022,33,sudeste e centro-oeste,"17286,86","5481,84","4,47","61,27","22834,44"
2022,33,norte,"3280,91","1693,26","210,35","0,17","5184,69"
2022,33,nordeste,"5562,99","637,47","12591,61","158,79","18950,86"
2022,34,sul,"10602,03","1482,04","402,16","0,15","12486,38"
2022,34,sudeste e centro-oeste,"16747,07","5466,29","6,71","60,2","22280,26"
2022,34,norte,"3093,17","1620,48","200,17","0,17","4913,98"
2022,34,nordeste,"5117,33","659,62","12725,49","160,12","18662,56"
2022,35,sul,"10783,35","913,96","881,18","0,19","12578,69"
2022,35,sudeste e centro-oeste,"17296,05","5799,89","15,2","64,23","23175,37"
2022,35,norte,"3217,37","1717,8","257,44","0,2","5192,81"
2022,35,nordeste,"4371,84","606,09","13004,82","178,48","18161,23"
2022,36,sul,"10823,81","1308,18","719,03","0,24","12851,26"
2022,36,sudeste e centro-oeste,"17528,73","5977,33","8,02","73,27","23587,35"
2022,36,norte,"3289,81","1816,76","316,99","0,19","5423,75"
2022,36,nordeste,"3689,55","612,8","13140,03","175,96","17618,35"
2022,37,sul,"12261,86","1420,29","791,38","0,23","14473,76"
2022,37,sudeste e centro-oeste,"18888,81","5702,39","8,97","76,32","24676,49"
2022,37,norte,"4475,5","1901,07","334,38","0,2","6711,15"
2022,37,nordeste,"3872,15","662,01","11067,93","176,54","15778,63"
2022,38,sul,"11770,48","1036,89","1027,57","0,17","13835,11"
2022,38,sudeste e centro-oeste,"19437,21","5576,16","10,73","65,08","25089,18"
2022,38,norte,"3979,02","1756,81","345,92","0,17","6081,91"
2022,38,nordeste,"4197,07","668,6","10495,08","162,68","15523,43"
2022,39,sul,"11155,68","922,02","667,39","0,22","12745,31"
2022,39,sudeste e centro-oeste,"18242,88","6239,52","4,48","74,43","24561,31"
2022,39,norte,"3711,24","1614,77","336,51","0,16","5662,69"
2022,39,nordeste,"3795,15","607,47","11413,75","173,31","15989,68"
2022,40,sul,"9751,31","1101,57","736,43","0,22","11589,53"
2022,40,sudeste e centro-oeste,"17396,96","6409,19","4,79","75,35","23886,29"
2022,40,norte,"4792,48","1518,06","317,56","0,17","6628,28"
2022,40,nordeste,"3518,24","601,86","11277,19","181,57","15578,87"
2022,41,sul,"11282,26","936,14","810,55","0,2","13029,16"
2022,41,sudeste e centro-oeste,"16224,15","5694,8","6,3","87,46","22012,71"
2022,41,norte,"3835,93","1564,03","308,92","0,2","5709,07"
2022,41,nordeste,"3462,69","541,28","13120,99","179,59","17304,55"
2022,42,sul,"11950,67","1115,3","962,86","0,21","14029,03"
2022,42,sudeste e centro-oeste,"15230,5","5962,02","6,77","97,35","21296,64"
2022,42,norte,"4319,34","1564,17","358,37","0,16","6242,05"
2022,42,nordeste,"3454,42","650,32","13587,71","183,89","17876,35"
2022,43,sul,"12733,62","995,63","728,34","0,16","14457,76"
2022,43,sudeste e centro-oeste,"16102,62","5943,51","12,63","80,45","22139,21"
2022,43,norte,"4659,53","1900,44","341,8","0,16","6901,93"
2022,43,nordeste,"4052,38","688,82","9946,63",143,"14830,83"
2022,44,sul,"11487,77","1120,28","699,49","0,19","13307,74"
2022,44,sudeste e centro-oeste,"17850,75","6045,83","14,29","70,58","23981,46"
2022,44,norte,"4342,76","1411,15","202,99","0,15","5957,04"
2022,44,nordeste,"4315,59","655,99","8179,23","144,33","13295,14"
2022,45,sul,"10857,99","1201,84","774,97","0,2",12835
2022,45,sudeste e centro-oeste,"18112,32","5296,7","10,32","89,91","23509,26"
2022,45,norte,"3246,18","1372,15","197,32","0,14","4815,79"
2022,45,nordeste,"5068,52","615,94","8435,44","145,34","14265,23"
2022,46,sul,"10865,63","1185,98","809,47","0,19","12861,27"
2022,46,sudeste e centro-oeste,"20478,44","4579,97","9,02","88,65","25156,08"
2022,46,norte,"4945,61","1401,9","295,17","0,14","6642,81"
2022,46,nordeste,"4177,16","645,99","8138,33","153,33","13114,8"
2022,47,sul,"10489,32","750,41","689,86","0,26","11929,85"
2022,47,sudeste e centro-oeste,"22706,92","4371,15","7,32","95,94","27181,34"
2022,47,norte,"4929,24","1697,34","317,69","0,15","6944,41"
2022,47,nordeste,"5094,68","582,81","9196,01","156,53","15030,02"
2022,48,sul,"10143,02","588,01","1045,47","0,27","11776,77"
2022,48,sudeste e centro-oeste,"24790,97","4400,43","9,15","97,08","29297,63"
2022,48,norte,"4893,87","2257,18","221,84","0,16","7373,05"
2022,48,nordeste,"6425,54","562,18","5592,97","128,66","12709,35"
2022,49,sul,"8632,57","645,75","394,43","0,23","9672,98"
2022,49,sudeste e centro-oeste,"23294,75","4880,21","11,26","81,01","28267,23"
2022,49,norte,"7772,04","1875,53","314,44","0,15","9962,17"
2022,49,nordeste,"5654,79","652,83","9413,08","173,58","15894,27"
2022,50,sul,"9127,8","554,57","719,58","0,23","10402,18"
2022,50,sudeste e centro-oeste,"24442,45","4331,91","12,4","79,3","28866,06"
2022,50,norte,"9484,71","2334,76","262,68","0,14","12082,3"
2022,50,nordeste,"6586,32","677,27","6179,32","169,39","13612,29"
2022,51,sul,"7621,88","280,29","1157,8","0,22","9060,19"
2022,51,sudeste e centro-oeste,"23135,49","4293,36","9,75","77,24","27515,83"
2022,51,norte,"8148,46","1829,06","203,54","0,16","10181,22"
2022,51,nordeste,"6716,54","646,42","5383,48","154,26","12900,69"
2022,52,sul,"5575,38","92,49","524,83","0,22","6192,93"
2022,52,sudeste e centro-oeste,"22355,63","4379,39","8,58","91,09","26834,68"
2022,52,norte,"8472,37","900,21","238,49","0,16","9611,22"
2022,52,nordeste,"4319,9","657,31",9494,"165,22","14636,43"
2023,1,sul,"5336,42","336,03","693,97","0,22","6366,64"
2023,1,sudeste e centro-oeste,"23437,8","3914,35","6,33","83,01","27441,5"
2023,1,norte,"11555,49","1345,84","241,62","0,15","13143,1"
2023,1,nordeste,"4113,03","624,31","8501,52","167,32","13406,19"
2023,2,sul,"5888,17","723,61","666,64","0,26","7278,67"
2023,2,sudeste e centro-oeste,"24938,4","3883,29","10,1","89,18","28920,97"
2023,2,norte,"11156,52","1289,1","265,76","0,14","12711,53"
2023,2,nordeste,"4634,56","443,37","8639,24","179,32","13896,48"
2023,3,sul,"6237,6","701,81","659,65","0,25","7599,31"
2023,3,sudeste e centro-oeste,"25315,07","4009,25","8,7","109,83","29442,85"
2023,3,norte,"11716,73","1784,87","119,48","0,17","13621,24"
2023,3,nordeste,"6437,5","497,67","8780,46","155,5","15871,13"
2023,4,sul,"7533,71","637,64","487,48","0,24","8659,07"
2023,4,sudeste e centro-oeste,"26111,25","3747,05","9,65","92,61","29960,57"
2023,4,norte,"14068,41","1631,85","108,07","0,18","15808,51"
2023,4,nordeste,"6551,44",461,"4987,43","158,91","12158,78"
2023,5,sul,"7251,85","506,87","447,3","0,17","8206,19"
2023,5,sudeste e centro-oeste,"24653,05","3775,95","10,37","104,86","28544,23"
2023,5,norte,"13158,77","870,67","151,7","0,16","14181,3"
2023,5,nordeste,"5543,83","638,98","10150,03","177,84","16510,67"
2023,6,sul,"7655,54","510,03","580,07","0,16","8745,8"
2023,6,sudeste e centro-oeste,"25355,7","3672,09","10,38","113,72","29151,89"
2023,6,norte,"13743,03","864,27","167,02","0,16","14774,48"
2023,6,nordeste,"5978,17","662,58","8719,92","187,37","15548,04"
2023,7,sul,"7128,37","529,95","689,4","0,17","8347,9"
2023,7,sudeste e centro-oeste,"26021,62","3616,46","9,75","118,04","29765,87"
2023,7,norte,"13988,91","900,46","207,46","0,16","15096,99"
2023,7,nordeste,"5260,32","664,25","9488,07","173,92","15586,55"
2023,8,sul,"6437,08","728,2","592,2","0,25","7757,74"
2023,8,sudeste e centro-oeste,"23661,07","2660,85","6,06","105,86","26433,84"
2023,8,norte,"12727,6","889,98","95,68","0,2","13713,46"
2023,8,nordeste,"4093,45","602,93","8895,09","157,87","13749,35"
2023,9,sul,"8420,63","757,07","518,58","0,23","9696,51"
2023,9,sudeste e centro-oeste,"25627,31","3874,18","7,63","120,1","29629,22"
2023,9,norte,"11761,34","948,37","201,42","0,18","12911,31"
2023,9,nordeste,"3904,88","528,53","10057,62","165,26","14656,29"
2023,10,sul,"9089,74","870,29","379,82","0,17","10340,02"
2023,10,sudeste e centro-oeste,"25034,26","3504,07","11,6","110,19","28660,11"
2023,10,norte,"12430,17","825,65","212,06","0,15","13468,04"
2023,10,nordeste,"3590,84","405,73","10540,96","155,35","14692,88"
2023,11,sul,"9032,33","1034,35","859,04","0,17","10925,89"
2023,11,sudeste e centro-oeste,"27590,47","2654,3","12,49","110,23","30367,49"
2023,11,norte,"13840,26","873,06","75,76","0,15","14789,23"
2023,11,nordeste,"3787,93","394,84","6367,18","128,08","10678,03"
2023,12,sul,"8183,19","1035,55","413,35","0,19","9632,29"
2023,12,sudeste e centro-oeste,"27973,16","3964,92","11,88","123,87","32073,83"
2023,12,norte,"14821,04","880,77","18,29","0,15","15720,24"
2023,12,nordeste,"3724,11","422,77","5589,23","135,62","9871,74"
2023,13,sul,"6838,24","1009,11","721,48","0,2","8569,02"
2023,13,sudeste e centro-oeste,"25992,99","4165,26","2,69","146,21","30307,15"
2023,13,norte,"15090,54","859,38","38,9","0,11","15988,93"
2023,13,nordeste,"3595,59","502,27","7023,48","158,97","11280,31"
2023,14,sul,"4962,54","929,87","557,78","0,18","6450,36"
2023,14,sudeste e centro-oeste,"24024,89","4049,26","3,57","119,5","28197,21"
2023,14,norte,"16481,83","1262,95","32,26","0,13","17777,16"
2023,14,nordeste,"3535,19","487,21","5587,23","143,49","9753,13"
2023,15,sul,"4730,43","999,51","435,18","0,16","6165,27"
2023,15,sudeste e centro-oeste,"24390,92","4516,64","5,03","107,35","29019,93"
2023,15,norte,"14728,35","1687,13","83,12","0,18","16498,77"
2023,15,nordeste,"3589,82","563,03","6669,2","157,86","10979,91"
2023,16,sul,"5873,11","973,23","693,29","0,15","7539,78"
2023,16,sudeste e centro-oeste,"24853,77","4849,31","3,53","118,4","29825,01"
2023,16,norte,"13589,39","1737,76","79,35","0,16","15406,66"
2023,16,nordeste,"3590,11","561,4","4308,52","169,77","8629,8"
2023,17,sul,"6199,57","768,56","484,25","0,14","7452,52"
2023,17,sudeste e centro-oeste,"22311,3","5072,07","3,16","110,19","27496,72"
2023,17,norte,"12390,65","1033,4","74,8","0,17","13499,01"
2023,17,nordeste,"3554,59","508,8","8560,84","164,28","12788,51"
2023,18,sul,"5886,85","756,16","717,64","75,37","7436,02"
2023,18,sudeste e centro-oeste,"22406,12","5403,24","2,94","342,14","28154,44"
2023,18,norte,"12225,64","913,52","124,22","29,35","13292,73"
2023,18,nordeste,"3686,37","489,22","6370,24","233,26","10779,08"
2023,19,sul,"6684,02","837,03","534,2","83,18","8138,44"
2023,19,sudeste e centro-oeste,"21371,61","5722,59","1,86","333,08","27429,14"
2023,19,norte,"12157,33","918,16","70,01","35,57","13181,06"
2023,19,nordeste,"3709,94","564,87","7948,57","274,97","12498,35"
2023,20,sul,"5837,34","826,16","506,61","99,53","7269,64"
2023,20,sudeste e centro-oeste,"20197,38","6200,4","1,29","356,36","26755,43"
2023,20,norte,"10914,46","925,8","139,14","31,3","12010,7"
2023,20,nordeste,"3778,76","534,98","7732,35","242,14","12288,23"
2023,21,sul,"4819,77","857,42","468,01","77,52","6222,72"
2023,21,sudeste e centro-oeste,"18697,4","6442,53",2,"317,12","25459,05"
2023,21,norte,"11616,87","890,15","130,33","36,07","12673,42"
2023,21,nordeste,"3791,88","578,65","11286,49","222,32","15879,33"
2023,22,sul,"5225,98","1172,88","423,58","74,43","6896,87"
2023,22,sudeste e centro-oeste,"20436,36","6274,3","2,46","297,32","27010,44"
2023,22,norte,"12000,2","1057,02","128,46","39,29","13224,98"
2023,22,nordeste,"3570,38","560,98","9891,71","268,64","14291,72"
2023,23,sul,"3354,36","1324,33","496,23","97,06","5271,98"
2023,23,sudeste e centro-oeste,"19974,57","6576,8","1,83","338,76","26891,96"
2023,23,norte,"8862,6","1857,82","144,64","39,91","10904,98"
2023,23,nordeste,"3579,74","545,7","11233,09","236,01","15594,55"
2023,24,sul,"5018,51","1343,44","768,07","48,86","7178,87"
2023,24,sudeste e centro-oeste,"20784,17","6333,73","3,63","276,17","27397,71"
2023,24,norte,"8535,57","2396,61","184,25","39,03","11155,46"
2023,24,nordeste,"3577,1","442,93","11182,81","252,53","15455,37"
2023,25,sul,5694,"1177,27","431,46","76,47","7379,21"
2023,25,sudeste e centro-oeste,"19024,09",6388,"3,36","330,78","25746,23"
2023,25,norte,"6398,24","2303,84","76,72","38,78","8817,59"
2023,25,nordeste,"3499,89","417,41","12394,66","239,63","16551,59"
2023,26,sul,"7372,91","1024,61","440,33","89,1","8926,96"
2023,26,sudeste e centro-oeste,"18248,21","6336,52","4,33","317,69","24906,75"
2023,26,norte,"6967,55","1768,51","94,77","41,27","8872,09"
2023,26,nordeste,"3515,9","417,39","11863,59","224,65","16021,53"
2023,27,sul,"7984,69","1111,56","575,64","90,93","9762,82"
2023,27,sudeste e centro-oeste,"18232,65","6473,18","5,08","362,4","25073,31"
2023,27,norte,"6034,11","1651,05","152,04","43,12","7880,32"
2023,27,nordeste,"3432,13","329,1","11702,67","265,33","15729,24"
2023,28,sul,"11172,93","1335,18","864,94","62,63","13435,69"
2023,28,sudeste e centro-oeste,"17901,46","6310,2","5,19","360,61","24577,46"
2023,28,norte,"5561,04","1806,92","263,3","43,37","7674,63"
2023,28,nordeste,"3487,36","393,36","10477,72","293,41","14651,85"
2023,29,sul,"9146,83","1539,78","755,92","87,26","11529,79"
2023,29,sudeste e centro-oeste,"16958,28","6146,44","5,31","335,21","23445,24"
2023,29,norte,"4142,12","1503,84","203,46","45,83","5895,26"
2023,29,nordeste,"3407,49","420,15","14332,24","274,6","18434,47"
2023,30,sul,"10259,91","1535,42","781,5","88,32","12665,16"
2023,30,sudeste e centro-oeste,"16808,86","6010,47","4,78","349,37","23173,48"
2023,30,norte,"4399,7","1393,95","187,21","47,12","6027,97"
2023,30,nordeste,"3484,25","367,22","14006,55","271,62","18129,64"
2023,31,sul,"10139,84","1462,73","395,55","112,06","12110,18"
2023,31,sudeste e centro-oeste,"16851,3","6019,63","3,42","401,29","23275,65"
2023,31,norte,"4404,14","1389,1","264,36","45,54","6103,14"
2023,31,nordeste,"3577,8","333,59","13501,05","301,56",17714
2023,32,sul,"9519,6","1444,65","924,11","89,42","11977,78"
2023,32,sudeste e centro-oeste,"18622,64","6356,12","5,72","423,63","25408,11"
2023,32,norte,"3846,14","1422,11","312,75","46,61","5627,61"
2023,32,nordeste,"3587,67","423,58","13436,49","315,37","17763,1"
2023,33,sul,"10324,6","1433,38","701,53","110,22","12569,73"
2023,33,sudeste e centro-oeste,"17841,84","6321,83","5,01","388,18","24556,86"
2023,33,norte,"3702,62","1298,72","236,33","48,33","5286,01"
2023,33,nordeste,"3555,7","384,3","12850,17","261,64","17051,81"
2023,34,sul,"11196,46","1100,21","657,8","108,3","13062,77"
2023,34,sudeste e centro-oeste,"20801,45","6544,41","9,19","424,89","27779,94"
2023,34,norte,"4052,28","1438,19","325,14","48,32","5863,93"
2023,34,nordeste,"3775,98","373,55","10249,65","326,13","14725,31"
2023,35,sul,"11779,74","1233,34","530,23","898,02","14441,33"
2023,35,sudeste e centro-oeste,"21204,41","6678,35","7,35","2461,3","30351,4"
2023,35,norte,"3720,98","1653,4","236,86","352,2","5963,44"
2023,35,nordeste,"3685,13","381,8","8228,41","2292,19","14587,53"
2023,36,sul,"11174,63","1063,23","847,9","627,86","13713,62"
2023,36,sudeste e centro-oeste,"18413,48","6637,81","5,64","3200,21","28257,14"
2023,36,norte,"3325,76","1375,53","358,07","363,71","5423,06"
2023,36,nordeste,"3547,46","374,21","12338,79","1985,75","18246,21"
2023,37,sul,"11626,21","1043,23","702,88","839,99","14212,3"
2023,37,sudeste e centro-oeste,"19951,27","6339,5","8,56","3358,74","29658,06"
2023,37,norte,"2917,67","1281,67","340,99","368,3","4908,63"
2023,37,nordeste,"3625,15","347,5","11675,01","2091,67","17739,33"
2023,38,sul,"12194,6","923,32","983,54","975,5","15076,96"
2023,38,sudeste e centro-oeste,"20543,36","6396,86","15,34","3689,64","30645,21"
2023,38,norte,"3528,33",1387,"321,55","363,2","5600,07"
2023,38,nordeste,"3525,68","342,8","12525,86","2236,37","18630,71"
2023,39,sul,"13150,06","1195,61","995,66","833,74","16175,07"
2023,39,sudeste e centro-oeste,"23062,58","5536,73","14,17","3512,49","32125,97"
2023,39,norte,"4789,67","1476,07","331,73","364,75","6962,22"
2023,39,nordeste,"4130,23","352,54","10029,98","2495,11","17007,85"
2023,40,sul,"13576,1","1177,63","717,17","795,23","16266,14"
2023,40,sudeste e centro-oeste,"19879,1","4586,29","6,35","3386,73","27858,46"
2023,40,norte,"3983,81","1428,22","358,84","363,23","6134,1"
2023,40,nordeste,"3774,07","298,55","12706,31","2584,02","19362,95"
2023,41,sul,"13548,52","1234,55","976,56","847,41","16607,05"
2023,41,sudeste e centro-oeste,"19356,55","4468,43","8,29","3485,85","27319,13"
2023,41,norte,"3897,33","1343,42","333,54","360,7","5934,97"
2023,41,nordeste,"3684,44","466,07","13127,13","2443,33","19720,97"
2023,42,sul,"14126,98","1259,15","765,48","1053,83","17205,45"
2023,42,sudeste e centro-oeste,"21888,64","4776,75","6,26","3394,73","30066,37"
2023,42,norte,"4148,02","1530,44","349,1","363,55","6391,11"
2023,42,nordeste,"3996,82","580,59","10671,13","2409,32","17657,86"
2023,43,sul,"13244,11","1268,8","982,65","704,59","16200,16"
2023,43,sudeste e centro-oeste,"22137,45","4070,9","4,8","3373,98","29587,12"
2023,43,norte,"4089,16","1961,66","282,31","342,91","6676,04"
2023,43,nordeste,"4124,22","494,14","9682,11","2446,77","16747,24"
2023,44,sul,"12433,39","1337,61","985,49","1399,17","16155,67"
2023,44,sudeste e centro-oeste,"20801,32","3845,37","6,83","4405,37","29058,9"
2023,44,norte,"3693,57","1573,92","340,19","296,85","5904,54"
2023,44,nordeste,"3748,23","457,6","11257,87","2438,57","17902,27"
2023,45,sul,"13366,32","1326,96","606,99","1014,47","16314,75"
2023,45,sudeste e centro-oeste,"24066,01","5734,79","7,86","4542,85","34351,51"
2023,45,norte,"3721,31","2235,02","326,77","309,35","6592,44"
2023,45,nordeste,"4357,14","1211,46","11226,32","2836,73","19631,66"
2023,46,sul,13468,"1342,49","573,22","1216,48","16600,19"
2023,46,sudeste e centro-oeste,"21536,63","7538,5","9,55","3893,44","32978,11"
2023,46,norte,"2779,23","2327,27","331,68","272,19","5710,37"
2023,46,nordeste,"4944,46","1178,83","9136,68","2666,53","17926,5"
2023,47,sul,"13549,03","1203,56","911,83","1121,88","16786,3"
2023,47,sudeste e centro-oeste,"21458,6","5440,37","9,87","3765,5","30674,33"
2023,47,norte,"2788,3","1475,77","263,19","286,41","4813,68"
2023,47,nordeste,"5293,52","700,85","10852,12","2560,28","19406,78"
2023,48,sul,"14029,16","795,87","947,85","1081,4","16854,28"
2023,48,sudeste e centro-oeste,"22617,34","8507,94","9,36","3974,78","35109,42"
2023,48,norte,"3147,05","1673,13","300,27","274,32","5394,77"
2023,48,nordeste,"5401,93","978,05","10364,73","2658,47","19403,17"
2023,49,sul,"13460,98","690,77","807,69","1392,57","16352,01"
2023,49,sudeste e centro-oeste,"22283,51","5145,8","8,79","3986,07","31424,18"
2023,49,norte,"2872,56","937,3","368,92","278,6","4457,37"
2023,49,nordeste,"4269,16","644,05","13151,28","2403,37","20467,85"
2023,50,sul,"14314,65","823,82","769,15","1524,46","17432,07"
2023,50,sudeste e centro-oeste,"24065,87","7486,03","10,96","4003,92","35566,78"
2023,50,norte,"2880,73","2012,73","223,39","254,91","5371,77"
2023,50,nordeste,"3759,77","1595,75","9330,16","2036,04","16721,73"
2023,51,sul,"12715,47","916,47","601,66","1362,09","15595,69"
2023,51,sudeste e centro-oeste,"21547,79","5387,83","7,65","3833,56","30776,82"
2023,51,norte,"2776,33","1727,26","288,32","274,43","5066,34"
2023,51,nordeste,"2971,88","873,23","10137,43","2695,71","16678,24"
2023,52,sul,"13056,4","748,59","906,08","1373,01","16084,07"
2023,52,sudeste e centro-oeste,"25313,21","5140,69","7,19","3027,77","33488,86"
2023,52,norte,"3209,34","2518,47","163,22","249,84","6140,86"
2023,52,nordeste,"3304,2","583,6","3951,69","2310,65","10150,14"
2024,1,sul,"12407,31","910,05","524,55","1195,11","15037,01"
2024,1,sudeste e centro-oeste,"28953,06","4838,37","3,55","3683,97","37478,95"
2024,1,norte,"4004,57","2071,12","227,47","287,04","6590,19"
2024,1,nordeste,"3818,27","922,22","6815,85","2692,52","14248,86"
2024,2,sul,"11839,53","933,89","679,59","1117,13","14570,14"
2024,2,sudeste e centro-oeste,"28834,41","3934,94","4,26","3974,89","36748,5"
2024,2,norte,"5502,05",1961,"243,96","374,07","8081,09"
2024,2,nordeste,"3606,44","557,51","8982,57","2854,75","16001,28"
2024,3,sul,"13035,81","907,82","854,24","1171,09","15968,96"
2024,3,sudeste e centro-oeste,"27943,83","4153,45","9,47","3292,15","35398,91"
2024,3,norte,"5622,31","2143,82","260,76","361,58","8388,47"
2024,3,nordeste,"3363,75","415,15","4863,41","2313,83","10956,14"
2024,4,sul,"11535,98","1066,8","394,03","1527,89","14524,69"
2024,4,sudeste e centro-oeste,"27238,92","3938,71","7,98","3808,41","34994,02"
2024,4,norte,"6511,32","1965,41","224,38","340,52","9041,63"
2024,4,nordeste,"3504,55","467,48","9259,56","2673,55","15905,14"
2024,5,sul,"11514,25","1327,39","604,64","1460,18","14906,46"
2024,5,sudeste e centro-oeste,"26041,07","4254,5","3,07","3667,11","33965,75"
2024,5,norte,"9768,9","1938,59","331,33","352,48","12391,3"
2024,5,nordeste,"3148,96","440,92","12005,32","2665,57","18260,77"
2024,6,sul,"10547,47","1268,89","794,95","1187,96","13799,26"
2024,6,sudeste e centro-oeste,"25876,63","3901,42","2,29","3920,22","33700,56"
2024,6,norte,"12108,38","1032,18","133,77","276,49","13550,82"
2024,6,nordeste,"3237,81","428,05","9050,87","2537,69","15254,42"
2024,7,sul,"11911,86","1194,76","454,9","1288,46","14849,97"
2024,7,sudeste e centro-oeste,"29981,86","3921,27","3,95","2953,95","36861,03"
2024,7,norte,"12723,9","925,39","74,01","265,31","13988,61"
2024,7,nordeste,"4267,36","417,63","3453,11","2236,45","10374,55"
2024,8,sul,"10701,16","1098,21","608,92","1101,02","13509,31"
2024,8,sudeste e centro-oeste,"29847,72","4175,9","7,77","4354,85","38386,24"
2024,8,norte,"12670,82","915,12","28,03","275,33","13889,3"
2024,8,nordeste,"4422,51","432,6","6859,77","2686,06","14400,94"
2024,9,sul,"10237,19","1024,07","566,68","1064,27","12892,21"
2024,9,sudeste e centro-oeste,"28566,71","4148,24","6,17","3907,18","36628,3"
2024,9,norte,"13446,41","1084,29","83,95","360,59","14975,24"
2024,9,nordeste,"4499,93","410,52","5994,2","2589,18","13493,83"
2024,10,sul,"12101,07","753,48","466,23","1294,74","14615,53"
2024,10,sudeste e centro-oeste,"28834,57","3909,03","3,23","4123,13","36869,96"
2024,10,norte,"14121,84","1082,74","97,46","371,22","15673,26"
2024,10,nordeste,"4755,1","411,79","6188,6","2845,15","14200,64"
2024,11,sul,"12738,14","613,26","583,62","968,07","14903,09"
2024,11,sudeste e centro-oeste,"29466,45","4593,35","3,49","3885,73","37949,02"
2024,11,norte,"13275,98","1101,26","60,41","323,6","14761,25"
2024,11,nordeste,"5068,43","600,77","6425,29","2970,59","15065,07"
2024,12,sul,"7889,64","825,46","514,96","1125,64","10355,7"
2024,12,sudeste e centro-oeste,"25759,02","4067,09","5,8","2825,16","32657,06"
2024,12,norte,"12318,75","1034,91","79,78","348,4","13781,84"
2024,12,nordeste,"3688,52","383,44","9080,46","2483,75","15636,18"
2024,13,sul,"10832,04","617,45","496,46","1071,41","13017,36"
2024,13,sudeste e centro-oeste,"29807,14","4454,76","7,71","3664,32","37933,93"
2024,13,norte,"13599,26","1027,82","45,57","367,26","15039,91"
2024,13,nordeste,"4758,5","465,29","3156,66","2522,81","10903,26"
2024,14,sul,"9878,68","527,74","711,25","861,72","11979,39"
2024,14,sudeste e centro-oeste,"28195,31","4653,36","2,59","3838,42","36689,68"
2024,14,norte,"12075,63","932,41","37,6","355,95","13401,6"
2024,14,nordeste,"4788,82","398,81","6394,41","2641,73","14223,78"
2024,15,sul,"7659,87","254,65","1207,09","818,49","9940,1"
2024,15,sudeste e centro-oeste,"25652,15","4930,41","1,41","3667,09","34251,06"
2024,15,norte,"12659,56","988,7","54,94","351,69","14054,89"
2024,15,nordeste,"3897,33","352,78","9080,47","2640,98","15971,55"
2024,16,sul,6482,"461,96","558,87","939,57","8442,4"
2024,16,sudeste e centro-oeste,"23208,87","5411,44","2,1","3880,71","32503,13"
2024,16,norte,"13805,6","1104,7","60,29","343,6","15314,18"
2024,16,nordeste,"3675,84","416,91","9049,12","2444,13",15586
2024,17,sul,"10716,9","860,66","482,76","821,25","12881,57"
2024,17,sudeste e centro-oeste,"20845,59","5779,72","3,26","3698,8","30327,37"
2024,17,norte,"13445,31","1111,91","49,29","394,14","15000,65"
2024,17,nordeste,"3590,67","296,22","9303,97","2221,27","15412,13"
2024,18,sul,"10863,63","914,37","724,89","622,48","13125,37"
2024,18,sudeste e centro-oeste,"20005,92","5666,98","3,48","3588,27","29264,66"
2024,18,norte,"13587,25","1133,56","79,54","382,2","15182,56"
2024,18,nordeste,"3727,12","295,09","10166,33","2643,71","16832,25"
2024,19,sul,"11254,57","833,02","632,87","640,75","13361,22"
2024,19,sudeste e centro-oeste,"19213,88","5393,08","4,07","3509,43","28120,46"
2024,19,norte,"11708,23","1126,07","110,14","394,39","13338,83"
2024,19,nordeste,3610,"365,22","11473,29","2559,73","18008,23"
2024,20,sul,"11098,56","839,83","690,4","683,9","13312,68"
2024,20,sudeste e centro-oeste,"17456,3","5844,14","3,11","3228,7","26532,25"
2024,20,norte,"9015,17","1354,56","99,36","382,21","10851,3"
2024,20,nordeste,"3481,77","285,43","11412,49","2447,53","17627,21"
2024,21,sul,"11498,35","831,99","538,71","803,03","13672,09"
2024,21,sudeste e centro-oeste,"16869,95","6561,46","3,1","3257,23","26691,74"
2024,21,norte,"7679,15","1458,6","111,24","397,45","9646,44"
2024,21,nordeste,"3739,88","320,84","12485,5","2120,45","18666,66"
2024,22,sul,"12179,18","1008,72","802,87","848,26","14839,03"
2024,22,sudeste e centro-oeste,"17478,15","6665,61","2,68","3678,34","27824,79"
2024,22,norte,"6052,18","964,99","85,61","401,7","7504,47"
2024,22,nordeste,"3682,44","375,75","13746,12","2209,48","20013,8"
2024,23,sul,"12086,46","907,75","618,99","578,37","14191,57"
2024,23,sudeste e centro-oeste,"18741,5","6469,86","2,87","3580,5","28794,72"
2024,23,norte,"5658,49","886,99","110,8","407,32","7063,61"
2024,23,nordeste,"3594,36","391,76","13238,17","2242,47","19466,77"
2024,24,sul,"12576,47","1195,47","843,96","612,7","15228,6"
2024,24,sudeste e centro-oeste,"20429,38","6524,86","7,45","3489,61","30451,29"
2024,24,norte,"5644,06","1405,24","102,16","405,27","7556,73"
2024,24,nordeste,"3719,18","348,87","11613,24","2495,86","18177,14"
2024,25,sul,"12683,31","1252,57","754,52","733,77","15424,16"
2024,25,sudeste e centro-oeste,"18181,87",6638,"8,12","3522,37","28350,37"
2024,25,norte,"4470,26","2133,86","197,72","425,42","7227,27"
2024,25,nordeste,"3636,35","389,91","13040,37","2469,57","19536,2"
2024,26,sul,"13309,48","1182,33","556,18","421,23","15469,22"
2024,26,sudeste e centro-oeste,"18864,78","7076,1","6,44","3631,92","29579,24"
2024,26,norte,"4023,28","2116,74","164,16","429,92","6734,1"
2024,26,nordeste,"3605,8","325,34","13035,91","2343,95",19311
2024,27,sul,"12528,69","1034,14","610,97","652,06","14825,86"
2024,27,sudeste e centro-oeste,"16546,45","6769,22","2,64","3734,94","27053,25"
2024,27,norte,"3842,63","2043,59","64,23","453,45","6403,9"
2024,27,nordeste,"3602,5","360,27","14578,7","2273,64","20815,11"
2024,28,sul,"12747,14","1082,92","454,39","879,97","15164,41"
2024,28,sudeste e centro-oeste,"16220,91","6867,83","2,32","4004,82","27095,88"
2024,28,norte,"3702,66","2287,54","202,23","464,11","6656,54"
2024,28,nordeste,"3549,52","360,93","14748,83","2209,08","20868,36"
2024,29,sul,"13471,3","1081,92","900,66","757,22","16211,1"
2024,29,sudeste e centro-oeste,"16447,26","7094,92",2,"3681,87","27226,06"
2024,29,norte,"3694,58","2379,94","189,38","465,96","6729,87"
2024,29,nordeste,"3599,76","360,78","15057,11","2460,43","21478,07"
2024,30,sul,"12783,99","1017,45","973,4","706,6","15481,45"
2024,30,sudeste e centro-oeste,"16687,46","7256,27","5,5","3845,73","27794,96"
2024,30,norte,"3470,48","2574,51",239,"478,32","6762,32"
2024,30,nordeste,"3682,75","840,55","15157,74","2454,48","22135,51"
2024,31,sul,"10677,85","1162,14","723,43","1056,09","13619,5"
2024,31,sudeste e centro-oeste,"17344,06","7475,73","6,63","4137,18","28963,61"
2024,31,norte,"2976,24","2747,91","298,11","461,44","6483,71"
2024,31,nordeste,"3707,33","536,43","13668,95","3087,55","21000,27"
2024,32,sul,"11761,64","1245,21","1046,21","899,44","14952,49"
2024,32,sudeste e centro-oeste,"18717,64","7221,74","9,9","4649,99","30599,27"
2024,32,norte,"2828,12","2552,79",296,"482,42","6159,32"
2024,32,nordeste,"3681,96","801,99","15126,19","2847,39","22457,53"
2024,33,sul,"10533,62","996,7","771,76","993,68","13295,76"
2024,33,sudeste e centro-oeste,"17658,76","7690,74","10,25","4230,5","29590,24"
2024,33,norte,"2545,92","2739,59","261,24","484,88","6031,63"
2024,33,nordeste,"3629,97","734,95","15549,23","2811,68","22725,82"
2024,34,sul,"8998,9","800,66","802,62","1060,05","11662,22"
2024,34,sudeste e centro-oeste,"19497,4","8834,83","9,8","4407,63","32749,66"
2024,34,norte,"2742,27","2899,85","318,37","503,07","6463,56"
2024,34,nordeste,"3574,02","455,76","14872,93","3015,38","21918,09"
2024,35,sul,"9460,3","1001,71","696,54","1082,64","12241,19"
2024,35,sudeste e centro-oeste,"19947,8","9470,91","6,51","4813,62","34238,84"
2024,35,norte,"2832,93","3001,82","373,46","500,02","6708,24"
2024,35,nordeste,"3298,98","894,1","16038,5","2666,8","22898,38"
2024,36,sul,"7933,8","947,28","898,44","893,99","10673,5"
2024,36,sudeste e centro-oeste,"19623,73","9430,82","9,35","4693,52","33757,42"
2024,36,norte,"2596,39","2976,75","383,62","500,57","6457,33"
2024,36,nordeste,"3243,61","1371,64","15506,47","2882,26","23003,98"
2024,37,sul,"10249,58","976,23","994,3","1130,36","13350,46"
2024,37,sudeste e centro-oeste,"19249,06","10237,29","17,81","4905,78","34409,94"
2024,37,norte,"3096,43","2626,69","348,52","486,76","6558,4"
2024,37,nordeste,"3203,99","1527,31","15419,92","3022,98","23174,2"
2024,38,sul,"8759,14","1534,28","700,44","1304,16","12298,02"
2024,38,sudeste e centro-oeste,"18423,19","10226,77","9,56","5211,73","33871,25"
2024,38,norte,"3157,85","3056,25","358,93","512,54","7085,57"
2024,38,nordeste,"3193,88","1702,96","14526,61","3215,42","22638,88"
2024,39,sul,"9760,97","1641,84","988,7","1044,4","13435,92"
2024,39,sudeste e centro-oeste,"18754,3","10172,08","12,35","4951,65","33890,38"
2024,39,norte,"3380,32","3177,84","304,62","553,59","7416,37"
2024,39,nordeste,"3223,66","1603,88","12356,87","3735,13","20919,53"
2024,40,sul,"9292,59","1610,36",670,"1407,93","12980,88"
2024,40,sudeste e centro-oeste,"19311,48","10014,27","10,57","4827,67","34163,99"
2024,40,norte,"3293,41","2976,98","287,45","533,66","7091,51"
2024,40,nordeste,"3262,16","1468,92","11774,84","3073,08",19579
2024,41,sul,"8890,26","1514,86","818,43","1415,96","12639,51"
2024,41,sudeste e centro-oeste,"19549,58","9714,31","7,23","4240,12","33511,24"
2024,41,norte,"3048,47","2789,54","356,2","548,6","6742,81"
2024,41,nordeste,"2825,8","1414,86","14639,86","3383,1","22263,62"
2024,42,sul,"9000,4","1170,71","904,79","1704,27","12780,16"
2024,42,sudeste e centro-oeste,"19966,62","8941,53","7,71","4259,09","33174,95"
2024,42,norte,"3212,52","2531,14","349,29","532,05","6624,99"
2024,42,nordeste,"3018,84","437,42","14797,3","3636,01","21889,57"
2024,43,sul,"10123,7","1470,52","916,86","1175,21","13686,29"
2024,43,sudeste e centro-oeste,"20806,18","7599,32","9,87","3788,71","32204,08"
2024,43,norte,"3689,59","2073,05","341,36","526,65","6630,65"
2024,43,nordeste,"3078,47","512,34","16033,42","3436,33","23060,56"